INSERT INTO artists (id, name, biography)
    VALUES (1, 'Andrew Howes', ''),
           (2, 'Yellow Chair', ''),
           (3, 'Waylon Thornton', ''),
           (4, 'Break The Bans', ''),
           (5, 'Cullah', ''),
           (6, 'Handmade Moments', ''),
           (7, 'Dee Yan-Key', ''),
           (8, 'King Imagine', '');

INSERT INTO albums (id, title, cover_url, release_date)
    VALUES (1, 'Gubernator', 'https://freemusicarchive.org/image/?file=images%2Falbums%2FAndrew_Howes_-_Gubernator_-_2015031293329764.jpg&width=290&height=290&type=album', '2015-03-18'),
           (2, 'The Great Bear', 'https://freemusicarchive.org/image/?file=images%2Falbums%2FAndrew_Howes_-_The_Great_Bear_-_20150319104246687.jpg&width=290&height=290&type=album', '2015-03-19'),
           (3, 'Barcelona', 'https://freemusicarchive.org/image/?file=images%2Falbums%2FYELLOW_CHAIR_-_Barcelona_-_2016031895451397.jpg&width=290&height=290&type=album', '2008-01-07'),
           (4, 'Everything Zen', 'https://freemusicarchive.org/image/?file=images%2Falbums%2FYELLOW_CHAIR_-_Everything_Zen_-_20170417190101935.jpg&width=290&height=290&type=album', '2013-07-01'),
           (5, 'Meng Jia', 'https://freemusicarchive.org/image/?file=images%2Falbums%2FYELLOW_CHAIR_-_Meng_Jia_2013_-_20160318100559477.jpg&width=290&height=290&type=album', '2014-03-07'),
           (6, 'Mystery Club', 'https://freemusicarchive.org/image/?file=images%2Falbums%2FWaylon_Thornton_-_Mystery_Club_-_20110125183425012.jpg&width=290&height=290&type=album', '2011-01-25'),
           (7, 'Covers & B-sides', 'https://freemusicarchive.org/image/?file=images%2Falbums%2FBreak_The_Bans_-_Covers__B-sides_-_20130728190207109.jpg&width=290&height=290&type=album', '2013-07-29'),
           (8, 'Be Love Not Fear', 'https://freemusicarchive.org/image/?file=images%2Falbums%2FMC_Cullah_-_Be_Fear_Not_Love_-_20130430181649177.jpg&width=290&height=290&type=album', '2013-04-30'),
           (9, 'Trinity', 'https://freemusicarchive.org/image/?file=images%2Falbums%2FCullah_-_Trinity_-_2016042953320757.jpg&width=290&height=290&type=album', '2016-04-27'),
           (10, 'Paw Paw Tree', 'https://freemusicarchive.org/image/?file=images%2Falbums%2FHandmade_Moments_-_Paw_Paw_Tree_-_20180522125152466.jpg&width=290&height=290&type=album', '2018-05-22'),
           (11, 'Years and Years Ago', 'https://freemusicarchive.org/image/?file=image%2FTnjYR4xHXiOWBmu1Z7k92uJRpNxFTA6sWzhouck9.jpeg&width=290&height=290&type=album', '2018-10-28'),
           (12, 'A Man''s Life' , 'https://freemusicarchive.org/image/?file=images%2Falbums%2FDee_Yan-Key_-_A_Mans_Life_-_2017102824831375.jpg&width=290&height=290&type=album', '2017-10-28'),
           (13, 'Aldebaran', 'https://freemusicarchive.org/image/?file=images%2Falbums%2FDee_Yan-Key_-_Aldebaran_-_2018050192554164.jpg&width=290&height=290&type=album', '2018-05-01'),
           (14, 'Inside', 'https://freemusicarchive.org/image/?file=images%2Falbums%2FKing_Imagine_-_Inside_-_2018081661919555.jpg&width=290&height=290&type=album', '2012-09-30');

INSERT INTO artists_albums (artist_id, album_id)
    VALUES (1, 1),
           (1, 2),
           (2, 3),
           (2, 4),
           (2, 5),
           (3, 6),
           (4, 7),
           (5, 8),
           (5, 9),
           (6, 10),
           (7, 11),
           (7, 12),
           (7, 13),
           (8, 14);

INSERT INTO songs (album_id, id, title, data, length, number_of_plays)
    VALUES (1, 1, 'Dumb Luck', FILE_READ('classpath:/files/Andrew_Howes_Gubernator/07-Dumb-Luck.mp3'), 280, 6975821),
           (1, 2, 'Helmsman', FILE_READ('classpath:/files/Andrew_Howes_Gubernator/08-Helmsman.mp3'), 76, 6975821),
           (1, 3, 'Crimea', FILE_READ('classpath:/files/Andrew_Howes_Gubernator/09-Crimea.mp3'), 180, 6975821),
           (1, 4, 'Traitors Gate', FILE_READ('classpath:/files/Andrew_Howes_Gubernator/10-Traitors-Gate.mp3'), 232, 6975821),
           (2, 5, 'Big Drop', FILE_READ('classpath:/files/Andrew_Howes_The_Great_Bear/01-Big-Drop.mp3'), 230, 6975821),
           (2, 6, '4 am', FILE_READ('classpath:/files/Andrew_Howes_The_Great_Bear/02-4-am.mp3'), 59, 6975821),
           (2, 7, 'Waiting', FILE_READ('classpath:/files/Andrew_Howes_The_Great_Bear/03-Waiting.mp3'), 336, 6975821),
           (3, 8, 'Via Laietana', FILE_READ('classpath:/files/Yellow_Chair_Barcelona/01-Via-Laietana.mp3'), 342, 6975821),
           (3, 9, 'Passeig de Gràcia', FILE_READ('classpath:/files/Yellow_Chair_Barcelona/02-Passeig-de-Gracia.mp3'), 86, 6975821),
           (3, 10, 'Itaca', FILE_READ('classpath:/files/Yellow_Chair_Barcelona/07-Itaca.mp3'), 161, 6975821),
           (4, 11, 'Everything Zen', FILE_READ('classpath:/files/Yellow_Chair_Everything_Zen/01-Everything-Zen.mp3'), 156, 6975821),
           (5, 12, 'Malvinas Go-Go', FILE_READ('classpath:/files/Yellow_Chair_Meng_Jia/01-Malvinas-Go-Go.mp3'), 210, 6975821),
           (5, 13, 'Coronation Music for Pope Francis I', FILE_READ('classpath:/files/Yellow_Chair_Meng_Jia/02-Coronation-Music-for-Pope-Francis-I.mp3'), 126, 6975821),
           (6, 14, 'Favorite Secrets', FILE_READ('classpath:/files/Waylon_Thornton_Mystery_Club/02-Favorite-Secrets.mp3'), 75, 6975821),
           (6, 15, 'Very Hazel', FILE_READ('classpath:/files/Waylon_Thornton_Mystery_Club/06-Very-Hazel.mp3'), 81, 6975821),
           (6, 16, 'Wobbly Way', FILE_READ('classpath:/files/Waylon_Thornton_Mystery_Club/07-Wobbly-Way.mp3'), 118, 6975821),
           (7, 17, 'How Can I Love Her', FILE_READ('classpath:/files/Break_The_Bans_Covers_Bsides/04-How-Can-I-Love-Her.mp3'), 102, 6975821),
           (8, 18, 'Save My Soul', FILE_READ('classpath:/files/Cullah_Be_Love_Not_Fear/05-Save-My-Soul.mp3'), 192, 6975821),
           (8, 19, 'Who Am I', FILE_READ('classpath:/files/Cullah_Be_Love_Not_Fear/07-Who-Am-I.mp3'), 211, 6975821),
           (8, 20, 'Jane The Ripper', FILE_READ('classpath:/files/Cullah_Be_Love_Not_Fear/09-Jane-The-Ripper.mp3'), 149, 6975821),
           (9, 21, 'Freed From Greed', FILE_READ('classpath:/files/Cullah_Trinity/05-Freed-From-Greed.mp3'), 163, 6975821),
           (9, 22, 'Aisling', FILE_READ('classpath:/files/Cullah_Trinity/06-Aisling.mp3'), 248, 6975821),
           (10, 23, 'Coffee, Chocolate, Earth', FILE_READ('classpath:/files/Handmade_Moments_Paw_Paw_tree/01-Coffee,Chocolate,Earth.mp3'), 169, 6975821),
           (10, 24, 'Junkie', FILE_READ('classpath:/files/Handmade_Moments_Paw_Paw_tree/03-Junkie.mp3'), 229, 6975821),
           (10, 25, 'Fighting a Mountain', FILE_READ('classpath:/files/Handmade_Moments_Paw_Paw_tree/06-Fighting-A-Mountain.mp3'), 189, 6975821),
           (10, 26, 'Wanderin'' Eyes' , FILE_READ('classpath:/files/Handmade_Moments_Paw_Paw_tree/09-Wanderin''Eyes.mp3'), 160, 6975821),
           (10, 27, 'Human Hands', FILE_READ('classpath:/files/Handmade_Moments_Paw_Paw_tree/10-Human-Hands.mp3'), 161, 6975821),
           (11, 28, 'Lazy', FILE_READ('classpath:/files/Dee_Yan-Key_years_and_years_ago/06-Lazy.mp3'), 394, 6975821),
           (11, 29, 'Snow', FILE_READ('classpath:/files/Dee_Yan-Key_years_and_years_ago/07-Snow.mp3'), 250, 6975821),
           (11, 30, 'Grief', FILE_READ('classpath:/files/Dee_Yan-Key_years_and_years_ago/13-Grief.mp3'), 225, 6975821),
           (11, 31, 'Clowns', FILE_READ('classpath:/files/Dee_Yan-Key_years_and_years_ago/14-Clowns.mp3'), 425, 6975821),
           (12, 32, 'Life', FILE_READ('classpath:/files/Dee_Yan-Key_A_Mans_Life/01-Life.mp3'), 353, 6975821),
           (12, 33, 'Death & Redemption', FILE_READ('classpath:/files/Dee_Yan-Key_A_Mans_Life/02-Death&Redemption.mp3'), 290, 6975821),
           (13, 34, 'Antares', FILE_READ('classpath:/files/Dee_Yan-Key_Aldebaran/03-Antares.mp3'), 216, 6975821),
           (14, 35, 'Escape', FILE_READ('classpath:/files/King_Imagine_Inside/04-Escape.mp3'), 322, 6975821),
           (14, 36, 'Ivy', FILE_READ('classpath:/files/King_Imagine_Inside/05-Ivy.mp3'), 316, 6975821);

INSERT INTO genres (id, name)
    VALUES (1, 'Rock'),
           (2, 'Blues'),
           (3, 'Country'),
           (4, 'Jazz');

INSERT INTO songs_genres (song_id, genre_id)
    VALUES (1, 1),
           (2, 1),
           (3, 1),
           (4, 1),
           (5, 1),
           (6, 1),
           (7, 1),
           (8, 1),
           (9, 1),
           (10, 1),
           (11, 1),
           (12, 1),
           (13, 1),
           (14, 1),
           (15, 1),
           (16, 1),
           (17, 2),
           (18, 2),
           (19, 2),
           (20, 2),
           (21, 2),
           (22, 2),
           (23, 3),
           (24, 3),
           (25, 3),
           (26, 3),
           (27, 3),
           (28, 4),
           (29, 4),
           (30, 4),
           (31, 4),
           (32, 4),
           (33, 4),
           (34, 4),
           (35, 4),
           (36, 4);
